{"2003": {"r2": -0.00034800903787712834, "mse": 0.14319248471085408, "mae": 0.04513400057682213, "o_r2": -0.024399503198406558, "o_mse": 0.13128941824876242, "o_mae": 0.032556747122798116}}