{"2003": {"r2": -0.04299053288743515, "mse": 0.13420911650432868, "mae": 0.02540147926041415, "o_r2": -0.19623515420833226, "o_mse": 0.16126293715741413, "o_mae": 0.031111769072277536}}